feature,importance
Morning_Stiffness_Duration,0.3362679218703003
Swollen_Joint_Count,0.1972571414779732
Fatigue_Score,0.12824857485479196
Joint_Pain_Score,0.10836248198720022
Rheumatoid_Factor,0.08680567865886306
Anti_CCP,0.05684228503433482
CRP,0.053070426159787173
ESR,0.028140392287601276
Age,0.0029001803152243636
Gender_Encoded,0.0017657344278480668
Family_History_Encoded,0.00033918292607540396
Smoking_Status_Encoded,0.0
