{
    "accuracy": 0.93,
    "precision": 0.9473684210526315,
    "recall": 0.8780487804878049,
    "f1_score": 0.9113924050632911,
    "roc_auc": 0.9672385283174866,
    "confusion_matrix": [
        [
            114,
            4
        ],
        [
            10,
            72
        ]
    ]
}